<?xml version="1.0" encoding="UTF-8"?>
<GenRun Id="impl_1" LaunchPart="xc7a35tcpg236-1" LaunchTime="1654721840">
  <File Type="ROUTE-PWR" Name="OTTER_Wrapper_power_routed.rpt"/>
  <File Type="PA-TCL" Name="OTTER_Wrapper.tcl"/>
  <File Type="ROUTE-PWR-SUM" Name="OTTER_Wrapper_power_summary_routed.pb"/>
  <File Type="REPORTS-TCL" Name="OTTER_Wrapper_reports.tcl"/>
  <File Type="BITSTR-MSK" Name="OTTER_Wrapper.msk"/>
  <File Type="ROUTE-CLK" Name="OTTER_Wrapper_clock_utilization_routed.rpt"/>
  <File Type="RDI-RDI" Name="OTTER_Wrapper.vdi"/>
  <File Type="BG-BIT" Name="OTTER_Wrapper.bit"/>
  <File Type="BG-DRC" Name="OTTER_Wrapper.drc"/>
  <File Type="BG-BGN" Name="OTTER_Wrapper.bgn"/>
  <File Type="BG-BIN" Name="OTTER_Wrapper.bin"/>
  <File Type="BITSTR-RBT" Name="OTTER_Wrapper.rbt"/>
  <File Type="BITSTR-NKY" Name="OTTER_Wrapper.nky"/>
  <File Type="BITSTR-BMM" Name="OTTER_Wrapper_bd.bmm"/>
  <File Type="BITSTR-MMI" Name="OTTER_Wrapper.mmi"/>
  <File Type="ROUTE-METHODOLOGY-DRC" Name="OTTER_Wrapper_methodology_drc_routed.rpt"/>
  <File Type="BITSTR-SYSDEF" Name="OTTER_Wrapper.sysdef"/>
  <File Type="ROUTE-METHODOLOGY-DRC-PB" Name="OTTER_Wrapper_methodology_drc_routed.pb"/>
  <File Type="BITSTR-LTX" Name="debug_nets.ltx"/>
  <File Type="BITSTR-LTX" Name="OTTER_Wrapper.ltx"/>
  <File Type="WBT-USG" Name="usage_statistics_webtalk.html"/>
  <File Type="OPT-DRC" Name="OTTER_Wrapper_drc_opted.rpt"/>
  <File Type="OPT-HWDEF" Name="OTTER_Wrapper.hwdef"/>
  <File Type="PLACE-IO" Name="OTTER_Wrapper_io_placed.rpt"/>
  <File Type="PLACE-UTIL" Name="OTTER_Wrapper_utilization_placed.rpt"/>
  <File Type="PLACE-UTIL-PB" Name="OTTER_Wrapper_utilization_placed.pb"/>
  <File Type="PLACE-CTRL" Name="OTTER_Wrapper_control_sets_placed.rpt"/>
  <File Type="PLACE-PRE-SIMILARITY" Name="OTTER_Wrapper_incremental_reuse_pre_placed.rpt"/>
  <File Type="ROUTE-DRC" Name="OTTER_Wrapper_drc_routed.rpt"/>
  <File Type="ROUTE-DRC-PB" Name="OTTER_Wrapper_drc_routed.pb"/>
  <File Type="ROUTE-PWR-RPX" Name="OTTER_Wrapper_power_routed.rpx"/>
  <File Type="ROUTE-STATUS" Name="OTTER_Wrapper_route_status.rpt"/>
  <File Type="ROUTE-STATUS-PB" Name="OTTER_Wrapper_route_status.pb"/>
  <File Type="ROUTE-DCP" Name="OTTER_Wrapper_routed.dcp"/>
  <File Type="ROUTE-ERROR-DCP" Name="OTTER_Wrapper_routed_error.dcp"/>
  <File Type="ROUTE-BLACKBOX-DCP" Name="OTTER_Wrapper_routed_bb.dcp"/>
  <File Type="ROUTE-TIMINGSUMMARY" Name="OTTER_Wrapper_timing_summary_routed.rpt"/>
  <File Type="ROUTE-TIMING-PB" Name="OTTER_Wrapper_timing_summary_routed.pb"/>
  <File Type="ROUTE-TIMING-RPX" Name="OTTER_Wrapper_timing_summary_routed.rpx"/>
  <File Type="ROUTE-BUS-SKEW" Name="OTTER_Wrapper_bus_skew_routed.rpt"/>
  <File Type="ROUTE-BUS-SKEW-PB" Name="OTTER_Wrapper_bus_skew_routed.pb"/>
  <File Type="ROUTE-BUS-SKEW-RPX" Name="OTTER_Wrapper_bus_skew_routed.rpx"/>
  <File Type="OPT-DCP" Name="OTTER_Wrapper_opt.dcp"/>
  <File Type="PLACE-DCP" Name="OTTER_Wrapper_placed.dcp"/>
  <File Type="PWROPT-DCP" Name="OTTER_Wrapper_pwropt.dcp"/>
  <File Type="POSTPLACE-PWROPT-DCP" Name="OTTER_Wrapper_postplace_pwropt.dcp"/>
  <File Type="PHYSOPT-DCP" Name="OTTER_Wrapper_physopt.dcp"/>
  <File Type="POSTROUTE-PHYSOPT-DCP" Name="OTTER_Wrapper_postroute_physopt.dcp"/>
  <File Type="POSTROUTE-PHYSOPT-BLACKBOX-DCP" Name="OTTER_Wrapper_postroute_physopt_bb.dcp"/>
  <File Type="ROUTE-DRC-RPX" Name="OTTER_Wrapper_drc_routed.rpx"/>
  <File Type="ROUTE-METHODOLOGY-DRC-RPX" Name="OTTER_Wrapper_methodology_drc_routed.rpx"/>
  <File Type="PDI-FILE" Name="OTTER_Wrapper.pdi"/>
  <File Type="RCFI_FILE" Name="OTTER_Wrapper.rcfi"/>
  <File Type="CFI_FILE" Name="OTTER_Wrapper.cfi"/>
  <File Type="RNPI_FILE" Name="OTTER_Wrapper.rnpi"/>
  <File Type="NPI_FILE" Name="OTTER_Wrapper.npi"/>
  <File Type="RBD_FILE" Name="OTTER_Wrapper.rbd"/>
  <FileSet Name="sources" Type="DesignSrcs" RelSrcDir="$PSRCDIR/sources_1" RelGenDir="$PGENDIR/sources_1">
    <Filter Type="Srcs"/>
    <File Path="$PSRCDIR/sources_1/new/ALU_HW_4.sv">
      <FileInfo>
        <Attr Name="UsedIn" Val="synthesis"/>
        <Attr Name="UsedIn" Val="implementation"/>
        <Attr Name="UsedIn" Val="simulation"/>
      </FileInfo>
    </File>
    <File Path="$PSRCDIR/sources_1/new/ALU_MUX_srcA.sv">
      <FileInfo>
        <Attr Name="UsedIn" Val="synthesis"/>
        <Attr Name="UsedIn" Val="implementation"/>
        <Attr Name="UsedIn" Val="simulation"/>
      </FileInfo>
    </File>
    <File Path="$PSRCDIR/sources_1/new/ALU_MUX_srcB.sv">
      <FileInfo>
        <Attr Name="UsedIn" Val="synthesis"/>
        <Attr Name="UsedIn" Val="implementation"/>
        <Attr Name="UsedIn" Val="simulation"/>
      </FileInfo>
    </File>
    <File Path="$PPRDIR/../../CPE 333- Pipline-MazeGame/BCD.sv">
      <FileInfo>
        <Attr Name="UsedIn" Val="synthesis"/>
        <Attr Name="UsedIn" Val="implementation"/>
        <Attr Name="UsedIn" Val="simulation"/>
      </FileInfo>
    </File>
    <File Path="$PSRCDIR/sources_1/new/Branch_Addr_Gen_HW_5.sv">
      <FileInfo>
        <Attr Name="UsedIn" Val="synthesis"/>
        <Attr Name="UsedIn" Val="implementation"/>
        <Attr Name="UsedIn" Val="simulation"/>
      </FileInfo>
    </File>
    <File Path="$PSRCDIR/sources_1/new/Brand_Cond_Gen.sv">
      <FileInfo>
        <Attr Name="UsedIn" Val="synthesis"/>
        <Attr Name="UsedIn" Val="implementation"/>
        <Attr Name="UsedIn" Val="simulation"/>
      </FileInfo>
    </File>
    <File Path="$PPRDIR/../../CPE 333- Pipline-MazeGame/CathodeDriver.sv">
      <FileInfo>
        <Attr Name="UsedIn" Val="synthesis"/>
        <Attr Name="UsedIn" Val="implementation"/>
        <Attr Name="UsedIn" Val="simulation"/>
      </FileInfo>
    </File>
    <File Path="$PSRCDIR/sources_1/new/FowardingUnit.sv">
      <FileInfo>
        <Attr Name="UsedIn" Val="synthesis"/>
        <Attr Name="UsedIn" Val="implementation"/>
        <Attr Name="UsedIn" Val="simulation"/>
      </FileInfo>
    </File>
    <File Path="$PSRCDIR/sources_1/new/Imm_Gen.sv">
      <FileInfo>
        <Attr Name="UsedIn" Val="synthesis"/>
        <Attr Name="UsedIn" Val="implementation"/>
        <Attr Name="UsedIn" Val="simulation"/>
      </FileInfo>
    </File>
    <File Path="$PPRDIR/../../MazeGameFiles/Keyboard Driver/KeyboardDriver.sv">
      <FileInfo>
        <Attr Name="UsedIn" Val="synthesis"/>
        <Attr Name="UsedIn" Val="implementation"/>
        <Attr Name="UsedIn" Val="simulation"/>
      </FileInfo>
    </File>
    <File Path="$PSRCDIR/sources_1/new/Multicycle_Wrapper.sv">
      <FileInfo>
        <Attr Name="UsedIn" Val="synthesis"/>
        <Attr Name="UsedIn" Val="implementation"/>
        <Attr Name="UsedIn" Val="simulation"/>
      </FileInfo>
    </File>
    <File Path="$PSRCDIR/sources_1/new/OTTER_mem_dualport.sv">
      <FileInfo>
        <Attr Name="UsedIn" Val="synthesis"/>
        <Attr Name="UsedIn" Val="implementation"/>
        <Attr Name="UsedIn" Val="simulation"/>
      </FileInfo>
    </File>
    <File Path="$PSRCDIR/sources_1/new/PCMUX.sv">
      <FileInfo>
        <Attr Name="UsedIn" Val="synthesis"/>
        <Attr Name="UsedIn" Val="implementation"/>
        <Attr Name="UsedIn" Val="simulation"/>
      </FileInfo>
    </File>
    <File Path="$PSRCDIR/sources_1/new/PC_4.sv">
      <FileInfo>
        <Attr Name="UsedIn" Val="synthesis"/>
        <Attr Name="UsedIn" Val="implementation"/>
        <Attr Name="UsedIn" Val="simulation"/>
      </FileInfo>
    </File>
    <File Path="$PSRCDIR/sources_1/new/PC_With_MUX.sv">
      <FileInfo>
        <Attr Name="UsedIn" Val="synthesis"/>
        <Attr Name="UsedIn" Val="implementation"/>
        <Attr Name="UsedIn" Val="simulation"/>
      </FileInfo>
    </File>
    <File Path="$PSRCDIR/sources_1/new/Program_Counter.sv">
      <FileInfo>
        <Attr Name="UsedIn" Val="synthesis"/>
        <Attr Name="UsedIn" Val="implementation"/>
        <Attr Name="UsedIn" Val="simulation"/>
      </FileInfo>
    </File>
    <File Path="$PSRCDIR/sources_1/new/Reg_file_MUX.sv">
      <FileInfo>
        <Attr Name="UsedIn" Val="synthesis"/>
        <Attr Name="UsedIn" Val="implementation"/>
        <Attr Name="UsedIn" Val="simulation"/>
      </FileInfo>
    </File>
    <File Path="$PSRCDIR/sources_1/new/Register_File_HW_3.sv">
      <FileInfo>
        <Attr Name="UsedIn" Val="synthesis"/>
        <Attr Name="UsedIn" Val="implementation"/>
        <Attr Name="UsedIn" Val="simulation"/>
      </FileInfo>
    </File>
    <File Path="$PPRDIR/../../CPE 333- Pipline-MazeGame/SevSegDisp.sv">
      <FileInfo>
        <Attr Name="UsedIn" Val="synthesis"/>
        <Attr Name="UsedIn" Val="implementation"/>
        <Attr Name="UsedIn" Val="simulation"/>
      </FileInfo>
    </File>
    <File Path="$PSRCDIR/sources_1/new/cu_decoder.sv">
      <FileInfo>
        <Attr Name="UsedIn" Val="synthesis"/>
        <Attr Name="UsedIn" Val="implementation"/>
        <Attr Name="UsedIn" Val="simulation"/>
      </FileInfo>
    </File>
    <File Path="$PPRDIR/../../CPE 333- Pipline-MazeGame/debounce_one_shot.sv">
      <FileInfo>
        <Attr Name="UsedIn" Val="synthesis"/>
        <Attr Name="UsedIn" Val="implementation"/>
        <Attr Name="UsedIn" Val="simulation"/>
      </FileInfo>
    </File>
    <File Path="$PPRDIR/../../MazeGameFiles/OTTER_VGA_80x60/ram8k_8_80x60.sv">
      <FileInfo>
        <Attr Name="UsedIn" Val="synthesis"/>
        <Attr Name="UsedIn" Val="implementation"/>
        <Attr Name="UsedIn" Val="simulation"/>
      </FileInfo>
    </File>
    <File Path="$PPRDIR/../../MazeGameFiles/OTTER_VGA_80x60/vga_driver_80x60.sv">
      <FileInfo>
        <Attr Name="UsedIn" Val="synthesis"/>
        <Attr Name="UsedIn" Val="implementation"/>
        <Attr Name="UsedIn" Val="simulation"/>
      </FileInfo>
    </File>
    <File Path="$PPRDIR/../../MazeGameFiles/OTTER_VGA_80x60/vga_fb_driver_80x60.sv">
      <FileInfo>
        <Attr Name="UsedIn" Val="synthesis"/>
        <Attr Name="UsedIn" Val="implementation"/>
        <Attr Name="UsedIn" Val="simulation"/>
      </FileInfo>
    </File>
    <File Path="$PPRDIR/../../../../Downloads/OTTER_Wrapper_v1_02.sv">
      <FileInfo>
        <Attr Name="UsedIn" Val="synthesis"/>
        <Attr Name="UsedIn" Val="implementation"/>
        <Attr Name="UsedIn" Val="simulation"/>
      </FileInfo>
    </File>
    <File Path="$PPRDIR/../../CPE 333- Pipline-MazeGame/MazeGame_Fowarding.mem">
      <FileInfo>
        <Attr Name="UsedIn" Val="synthesis"/>
        <Attr Name="UsedIn" Val="simulation"/>
      </FileInfo>
    </File>
    <Config>
      <Option Name="DesignMode" Val="RTL"/>
      <Option Name="TopModule" Val="OTTER_Wrapper"/>
      <Option Name="TopAutoSet" Val="TRUE"/>
    </Config>
  </FileSet>
  <FileSet Name="constrs_in" Type="Constrs" RelSrcDir="$PSRCDIR/constrs_1">
    <Filter Type="Constrs"/>
    <File Path="$PPRDIR/../../../../Downloads/Basys3_Master.xdc">
      <FileInfo>
        <Attr Name="UsedIn" Val="synthesis"/>
        <Attr Name="UsedIn" Val="implementation"/>
      </FileInfo>
    </File>
    <Config>
      <Option Name="ConstrsType" Val="XDC"/>
    </Config>
  </FileSet>
  <FileSet Name="utils" Type="Utils" RelSrcDir="$PSRCDIR/utils_1">
    <Filter Type="Utils"/>
    <Config>
      <Option Name="TopAutoSet" Val="TRUE"/>
    </Config>
  </FileSet>
  <Strategy Version="1" Minor="2">
    <StratHandle Name="Vivado Implementation Defaults" Flow="Vivado Implementation 2021"/>
    <Step Id="init_design"/>
    <Step Id="opt_design"/>
    <Step Id="power_opt_design"/>
    <Step Id="place_design"/>
    <Step Id="post_place_power_opt_design"/>
    <Step Id="phys_opt_design"/>
    <Step Id="route_design"/>
    <Step Id="post_route_phys_opt_design"/>
    <Step Id="write_bitstream"/>
    <Step Id="write_device_image"/>
  </Strategy>
</GenRun>
