<?xml version="1.0" encoding="UTF-8"?>
<GenRun Id="synth_1" LaunchPart="xc7a35tcpg236-1" LaunchTime="1654584983">
  <File Type="PA-TCL" Name="Multicycle_Wrapper.tcl"/>
  <File Type="REPORTS-TCL" Name="Multicycle_Wrapper_reports.tcl"/>
  <File Type="RDS-RDS" Name="Multicycle_Wrapper.vds"/>
  <File Type="RDS-DCP" Name="Multicycle_Wrapper.dcp"/>
  <FileSet Name="sources" Type="DesignSrcs" RelSrcDir="$PSRCDIR/sources_1" RelGenDir="$PGENDIR/sources_1">
    <Filter Type="Srcs"/>
    <File Path="$PSRCDIR/sources_1/imports/migue/Desktop/Classes/CPE 333/cpe333_otter-main/ALU.sv">
      <FileInfo>
        <Attr Name="ImportPath" Val="$PPRDIR/../../Classes/CPE 333/cpe333_otter-main/ALU.sv"/>
        <Attr Name="ImportTime" Val="1651083885"/>
        <Attr Name="UsedIn" Val="synthesis"/>
        <Attr Name="UsedIn" Val="implementation"/>
        <Attr Name="UsedIn" Val="simulation"/>
      </FileInfo>
    </File>
    <File Path="$PSRCDIR/sources_1/imports/migue/Desktop/Classes/CPE 333/cpe333_otter-main/ALU_MUX_srcA.sv">
      <FileInfo>
        <Attr Name="ImportPath" Val="$PPRDIR/../../Classes/CPE 333/cpe333_otter-main/ALU_MUX_srcA.sv"/>
        <Attr Name="ImportTime" Val="1651083885"/>
        <Attr Name="UsedIn" Val="synthesis"/>
        <Attr Name="UsedIn" Val="implementation"/>
        <Attr Name="UsedIn" Val="simulation"/>
      </FileInfo>
    </File>
    <File Path="$PSRCDIR/sources_1/imports/migue/Desktop/Classes/CPE 333/cpe333_otter-main/ALU_MUX_srcB.sv">
      <FileInfo>
        <Attr Name="ImportPath" Val="$PPRDIR/../../Classes/CPE 333/cpe333_otter-main/ALU_MUX_srcB.sv"/>
        <Attr Name="ImportTime" Val="1651083885"/>
        <Attr Name="UsedIn" Val="synthesis"/>
        <Attr Name="UsedIn" Val="implementation"/>
        <Attr Name="UsedIn" Val="simulation"/>
      </FileInfo>
    </File>
    <File Path="$PSRCDIR/sources_1/imports/migue/Desktop/Classes/CPE 333/cpe333_otter-main/Branch_Addr_Gen_HW_5.sv">
      <FileInfo>
        <Attr Name="ImportPath" Val="$PPRDIR/../../Classes/CPE 333/cpe333_otter-main/Branch_Addr_Gen_HW_5.sv"/>
        <Attr Name="ImportTime" Val="1651083885"/>
        <Attr Name="UsedIn" Val="synthesis"/>
        <Attr Name="UsedIn" Val="implementation"/>
        <Attr Name="UsedIn" Val="simulation"/>
      </FileInfo>
    </File>
    <File Path="$PSRCDIR/sources_1/imports/migue/Desktop/Classes/CPE 333/cpe333_otter-main/Brand_Cond_Gen.sv">
      <FileInfo>
        <Attr Name="ImportPath" Val="$PPRDIR/../../Classes/CPE 333/cpe333_otter-main/Brand_Cond_Gen.sv"/>
        <Attr Name="ImportTime" Val="1654160586"/>
        <Attr Name="UsedIn" Val="synthesis"/>
        <Attr Name="UsedIn" Val="implementation"/>
        <Attr Name="UsedIn" Val="simulation"/>
      </FileInfo>
    </File>
    <File Path="$PSRCDIR/sources_1/new/Fowarding_Unit.sv">
      <FileInfo>
        <Attr Name="ImportPath" Val="$PPRDIR/../../Pipeline_Processor/Pipeline_Processor.srcs/sources_1/new/Fowarding_Unit.sv"/>
        <Attr Name="ImportTime" Val="1654555248"/>
        <Attr Name="UsedIn" Val="synthesis"/>
        <Attr Name="UsedIn" Val="implementation"/>
        <Attr Name="UsedIn" Val="simulation"/>
      </FileInfo>
    </File>
    <File Path="$PSRCDIR/sources_1/imports/migue/Desktop/Classes/CPE 333/cpe333_otter-main/Imm_Gen.sv">
      <FileInfo>
        <Attr Name="ImportPath" Val="$PPRDIR/../../Classes/CPE 333/cpe333_otter-main/Imm_Gen.sv"/>
        <Attr Name="ImportTime" Val="1651083885"/>
        <Attr Name="UsedIn" Val="synthesis"/>
        <Attr Name="UsedIn" Val="implementation"/>
        <Attr Name="UsedIn" Val="simulation"/>
      </FileInfo>
    </File>
    <File Path="$PSRCDIR/sources_1/imports/migue/Desktop/Classes/CPE 333/cpe333_otter-main/PC_4.sv">
      <FileInfo>
        <Attr Name="ImportPath" Val="$PPRDIR/../../Classes/CPE 333/cpe333_otter-main/PC_4.sv"/>
        <Attr Name="ImportTime" Val="1651083885"/>
        <Attr Name="UsedIn" Val="synthesis"/>
        <Attr Name="UsedIn" Val="implementation"/>
        <Attr Name="UsedIn" Val="simulation"/>
      </FileInfo>
    </File>
    <File Path="$PSRCDIR/sources_1/imports/migue/Desktop/Classes/CPE 333/cpe333_otter-main/PC_MUX.sv">
      <FileInfo>
        <Attr Name="ImportPath" Val="$PPRDIR/../../Classes/CPE 333/cpe333_otter-main/PC_MUX.sv"/>
        <Attr Name="ImportTime" Val="1651083886"/>
        <Attr Name="UsedIn" Val="synthesis"/>
        <Attr Name="UsedIn" Val="implementation"/>
        <Attr Name="UsedIn" Val="simulation"/>
      </FileInfo>
    </File>
    <File Path="$PSRCDIR/sources_1/imports/migue/Desktop/Classes/CPE 333/cpe333_otter-main/PC_With_MUX.sv">
      <FileInfo>
        <Attr Name="ImportPath" Val="$PPRDIR/../../Classes/CPE 333/cpe333_otter-main/PC_With_MUX.sv"/>
        <Attr Name="ImportTime" Val="1654045843"/>
        <Attr Name="UsedIn" Val="synthesis"/>
        <Attr Name="UsedIn" Val="implementation"/>
        <Attr Name="UsedIn" Val="simulation"/>
      </FileInfo>
    </File>
    <File Path="$PSRCDIR/sources_1/imports/migue/Desktop/Classes/CPE 333/cpe333_otter-main/Program_Counter.sv">
      <FileInfo>
        <Attr Name="ImportPath" Val="$PPRDIR/../../Classes/CPE 333/cpe333_otter-main/Program_Counter.sv"/>
        <Attr Name="ImportTime" Val="1651083886"/>
        <Attr Name="UsedIn" Val="synthesis"/>
        <Attr Name="UsedIn" Val="implementation"/>
        <Attr Name="UsedIn" Val="simulation"/>
      </FileInfo>
    </File>
    <File Path="$PSRCDIR/sources_1/imports/migue/Desktop/Classes/CPE 333/cpe333_otter-main/Reg_file_MUX.sv">
      <FileInfo>
        <Attr Name="ImportPath" Val="$PPRDIR/../../Classes/CPE 333/cpe333_otter-main/Reg_file_MUX.sv"/>
        <Attr Name="ImportTime" Val="1651083886"/>
        <Attr Name="UsedIn" Val="synthesis"/>
        <Attr Name="UsedIn" Val="implementation"/>
        <Attr Name="UsedIn" Val="simulation"/>
      </FileInfo>
    </File>
    <File Path="$PSRCDIR/sources_1/imports/migue/Desktop/Classes/CPE 333/cpe333_otter-main/Register_File_HW_3.sv">
      <FileInfo>
        <Attr Name="ImportPath" Val="$PPRDIR/../../Classes/CPE 333/cpe333_otter-main/Register_File_HW_3.sv"/>
        <Attr Name="ImportTime" Val="1654135311"/>
        <Attr Name="UsedIn" Val="synthesis"/>
        <Attr Name="UsedIn" Val="implementation"/>
        <Attr Name="UsedIn" Val="simulation"/>
      </FileInfo>
    </File>
    <File Path="$PSRCDIR/sources_1/imports/migue/Downloads/bram_dualport_pipeline.sv">
      <FileInfo>
        <Attr Name="ImportPath" Val="$PPRDIR/../../../Downloads/bram_dualport_pipeline.sv"/>
        <Attr Name="ImportTime" Val="1653865501"/>
        <Attr Name="UsedIn" Val="synthesis"/>
        <Attr Name="UsedIn" Val="implementation"/>
        <Attr Name="UsedIn" Val="simulation"/>
      </FileInfo>
    </File>
    <File Path="$PSRCDIR/sources_1/imports/migue/Desktop/Classes/CPE 333/cpe333_otter-main/cu_decoder.sv">
      <FileInfo>
        <Attr Name="ImportPath" Val="$PPRDIR/../../Classes/CPE 333/cpe333_otter-main/cu_decoder.sv"/>
        <Attr Name="ImportTime" Val="1651083886"/>
        <Attr Name="UsedIn" Val="synthesis"/>
        <Attr Name="UsedIn" Val="implementation"/>
        <Attr Name="UsedIn" Val="simulation"/>
      </FileInfo>
    </File>
    <File Path="$PSRCDIR/sources_1/new/Multicycle_Wrapper.sv">
      <FileInfo>
        <Attr Name="ImportPath" Val="$PPRDIR/../../Classes/CPE 333/Multicycle_OTTER_2/Multicycle_OTTER_2.srcs/sources_1/new/Multicycle_Wrapper.sv"/>
        <Attr Name="ImportTime" Val="1654158941"/>
        <Attr Name="UsedIn" Val="synthesis"/>
        <Attr Name="UsedIn" Val="implementation"/>
        <Attr Name="UsedIn" Val="simulation"/>
      </FileInfo>
    </File>
    <File Path="$PSRCDIR/sources_1/imports/migue/Desktop/Classes/CPE 333/Test All No Hazards/otter_multi.mem">
      <FileInfo>
        <Attr Name="ImportPath" Val="$PPRDIR/../../Classes/CPE 333/Test All No Hazards/otter_multi.mem"/>
        <Attr Name="ImportTime" Val="1654151935"/>
        <Attr Name="UsedIn" Val="synthesis"/>
        <Attr Name="UsedIn" Val="simulation"/>
      </FileInfo>
    </File>
    <File Path="$PSRCDIR/sources_1/imports/Documents/CPE 333- Pipline-MazeGame/Foward_test.mem">
      <FileInfo>
        <Attr Name="ImportPath" Val="$PPRDIR/../../CPE 333- Pipline-MazeGame/Foward_test.mem"/>
        <Attr Name="ImportTime" Val="1654560613"/>
        <Attr Name="UsedIn" Val="synthesis"/>
        <Attr Name="UsedIn" Val="simulation"/>
      </FileInfo>
    </File>
    <File Path="$PSRCDIR/sources_1/imports/Documents/CPE 333- Pipline-MazeGame/Hazards_Test.mem">
      <FileInfo>
        <Attr Name="ImportPath" Val="$PPRDIR/../../CPE 333- Pipline-MazeGame/Hazards_Test.mem"/>
        <Attr Name="ImportTime" Val="1654573950"/>
        <Attr Name="UsedIn" Val="synthesis"/>
        <Attr Name="UsedIn" Val="simulation"/>
      </FileInfo>
    </File>
    <File Path="$PSRCDIR/sources_1/imports/Documents/CPE 333- Pipline-MazeGame/MazeGame_Fowarding.mem">
      <FileInfo>
        <Attr Name="ImportPath" Val="$PPRDIR/../../CPE 333- Pipline-MazeGame/MazeGame_Fowarding.mem"/>
        <Attr Name="ImportTime" Val="1654580239"/>
        <Attr Name="UsedIn" Val="synthesis"/>
        <Attr Name="UsedIn" Val="simulation"/>
      </FileInfo>
    </File>
    <File Path="$PSRCDIR/sources_1/imports/Documents/MazeGameFiles/OTTER_VGA_80x60/ram8k_8_80x60.sv">
      <FileInfo>
        <Attr Name="AutoDisabled" Val="1"/>
        <Attr Name="ImportPath" Val="$PPRDIR/../../MazeGameFiles/OTTER_VGA_80x60/ram8k_8_80x60.sv"/>
        <Attr Name="ImportTime" Val="1646872081"/>
        <Attr Name="UsedIn" Val="synthesis"/>
        <Attr Name="UsedIn" Val="implementation"/>
        <Attr Name="UsedIn" Val="simulation"/>
      </FileInfo>
    </File>
    <File Path="$PSRCDIR/sources_1/imports/Documents/MazeGameFiles/Keyboard Driver/KeyboardDriver.sv">
      <FileInfo>
        <Attr Name="AutoDisabled" Val="1"/>
        <Attr Name="ImportPath" Val="$PPRDIR/../../MazeGameFiles/Keyboard Driver/KeyboardDriver.sv"/>
        <Attr Name="ImportTime" Val="1646872053"/>
        <Attr Name="UsedIn" Val="synthesis"/>
        <Attr Name="UsedIn" Val="implementation"/>
        <Attr Name="UsedIn" Val="simulation"/>
      </FileInfo>
    </File>
    <File Path="$PSRCDIR/sources_1/imports/Documents/MazeGameFiles/OTTER_VGA_80x60/vga_fb_driver_80x60.sv">
      <FileInfo>
        <Attr Name="AutoDisabled" Val="1"/>
        <Attr Name="ImportPath" Val="$PPRDIR/../../MazeGameFiles/OTTER_VGA_80x60/vga_fb_driver_80x60.sv"/>
        <Attr Name="ImportTime" Val="1646872081"/>
        <Attr Name="UsedIn" Val="synthesis"/>
        <Attr Name="UsedIn" Val="implementation"/>
        <Attr Name="UsedIn" Val="simulation"/>
      </FileInfo>
    </File>
    <File Path="$PSRCDIR/sources_1/imports/Documents/MazeGameFiles/OTTER_VGA_80x60/OTTER_Wrapper.sv">
      <FileInfo>
        <Attr Name="AutoDisabled" Val="1"/>
        <Attr Name="ImportPath" Val="$PPRDIR/../../MazeGameFiles/OTTER_VGA_80x60/OTTER_Wrapper.sv"/>
        <Attr Name="ImportTime" Val="1654584879"/>
        <Attr Name="UsedIn" Val="synthesis"/>
        <Attr Name="UsedIn" Val="implementation"/>
        <Attr Name="UsedIn" Val="simulation"/>
      </FileInfo>
    </File>
    <File Path="$PSRCDIR/sources_1/imports/Documents/MazeGameFiles/OTTER_VGA_80x60/vga_driver_80x60.sv">
      <FileInfo>
        <Attr Name="AutoDisabled" Val="1"/>
        <Attr Name="ImportPath" Val="$PPRDIR/../../MazeGameFiles/OTTER_VGA_80x60/vga_driver_80x60.sv"/>
        <Attr Name="ImportTime" Val="1646872081"/>
        <Attr Name="UsedIn" Val="synthesis"/>
        <Attr Name="UsedIn" Val="implementation"/>
        <Attr Name="UsedIn" Val="simulation"/>
      </FileInfo>
    </File>
    <File Path="$PSRCDIR/sources_1/imports/Documents/CPE 333- Pipline-MazeGame/debounce_one_shot.sv">
      <FileInfo>
        <Attr Name="AutoDisabled" Val="1"/>
        <Attr Name="ImportPath" Val="$PPRDIR/../../CPE 333- Pipline-MazeGame/debounce_one_shot.sv"/>
        <Attr Name="ImportTime" Val="1646691043"/>
        <Attr Name="UsedIn" Val="synthesis"/>
        <Attr Name="UsedIn" Val="implementation"/>
        <Attr Name="UsedIn" Val="simulation"/>
      </FileInfo>
    </File>
    <File Path="$PSRCDIR/sources_1/imports/Documents/CPE 333- Pipline-MazeGame/BCD.sv">
      <FileInfo>
        <Attr Name="AutoDisabled" Val="1"/>
        <Attr Name="ImportPath" Val="$PPRDIR/../../CPE 333- Pipline-MazeGame/BCD.sv"/>
        <Attr Name="ImportTime" Val="1654584255"/>
        <Attr Name="UsedIn" Val="synthesis"/>
        <Attr Name="UsedIn" Val="implementation"/>
        <Attr Name="UsedIn" Val="simulation"/>
      </FileInfo>
    </File>
    <File Path="$PSRCDIR/sources_1/imports/Documents/CPE 333- Pipline-MazeGame/CathodeDriver.sv">
      <FileInfo>
        <Attr Name="AutoDisabled" Val="1"/>
        <Attr Name="ImportPath" Val="$PPRDIR/../../CPE 333- Pipline-MazeGame/CathodeDriver.sv"/>
        <Attr Name="ImportTime" Val="1654584255"/>
        <Attr Name="UsedIn" Val="synthesis"/>
        <Attr Name="UsedIn" Val="implementation"/>
        <Attr Name="UsedIn" Val="simulation"/>
      </FileInfo>
    </File>
    <File Path="$PSRCDIR/sources_1/imports/Documents/CPE 333- Pipline-MazeGame/SevSegDisp.sv">
      <FileInfo>
        <Attr Name="AutoDisabled" Val="1"/>
        <Attr Name="ImportPath" Val="$PPRDIR/../../CPE 333- Pipline-MazeGame/SevSegDisp.sv"/>
        <Attr Name="ImportTime" Val="1654584255"/>
        <Attr Name="UsedIn" Val="synthesis"/>
        <Attr Name="UsedIn" Val="implementation"/>
        <Attr Name="UsedIn" Val="simulation"/>
      </FileInfo>
    </File>
    <Config>
      <Option Name="DesignMode" Val="RTL"/>
      <Option Name="TopModule" Val="Multicycle_Wrapper"/>
    </Config>
  </FileSet>
  <FileSet Name="constrs_in" Type="Constrs" RelSrcDir="$PSRCDIR/constrs_1">
    <Filter Type="Constrs"/>
    <File Path="$PSRCDIR/constrs_1/imports/Downloads/Basys3_Master.xdc">
      <FileInfo>
        <Attr Name="ImportPath" Val="$PPRDIR/../../../../Downloads/Basys3_Master.xdc"/>
        <Attr Name="ImportTime" Val="1654584642"/>
        <Attr Name="UsedIn" Val="synthesis"/>
        <Attr Name="UsedIn" Val="implementation"/>
      </FileInfo>
    </File>
    <Config>
      <Option Name="ConstrsType" Val="XDC"/>
    </Config>
  </FileSet>
  <FileSet Name="utils" Type="Utils" RelSrcDir="$PSRCDIR/utils_1">
    <Filter Type="Utils"/>
    <Config>
      <Option Name="TopAutoSet" Val="TRUE"/>
    </Config>
  </FileSet>
  <Strategy Version="1" Minor="2">
    <StratHandle Name="Vivado Synthesis Defaults" Flow="Vivado Synthesis 2021"/>
    <Step Id="synth_design"/>
  </Strategy>
</GenRun>
